<root annotationID="0" passageID="504">
  <attributes />
  <layer layerID="0">
    <attributes />
    <node ID="0.1" type="Word">
      <attributes paragraph="1" paragraph_position="1" text="After" />
      <extra dep="prep" head="5" pos="ADP" tag="IN" />
    </node>
    <node ID="0.2" type="Word">
      <attributes paragraph="1" paragraph_position="2" text="graduation" />
      <extra dep="pobj" head="1" pos="NOUN" tag="NN" />
    </node>
    <node ID="0.3" type="Punctuation">
      <attributes paragraph="1" paragraph_position="3" text="," />
      <extra dep="punct" head="5" pos="PUNCT" tag="," />
    </node>
    <node ID="0.4" type="Word">
      <attributes paragraph="1" paragraph_position="4" text="Mary" />
      <extra dep="nsubj" head="5" pos="PROPN" tag="NNP" />
    </node>
    <node ID="0.5" type="Word">
      <attributes paragraph="1" paragraph_position="5" text="moved" />
      <extra dep="ROOT" head="5" pos="VERB" tag="VBD" />
    </node>
    <node ID="0.6" type="Word">
      <attributes paragraph="1" paragraph_position="6" text="to" />
      <extra dep="prep" head="5" pos="ADP" tag="IN" />
    </node>
    <node ID="0.7" type="Word">
      <attributes paragraph="1" paragraph_position="7" text="New" />
      <extra dep="compound" head="9" pos="PROPN" tag="NNP" />
    </node>
    <node ID="0.8" type="Word">
      <attributes paragraph="1" paragraph_position="8" text="York" />
      <extra dep="compound" head="9" pos="PROPN" tag="NNP" />
    </node>
    <node ID="0.9" type="Word">
      <attributes paragraph="1" paragraph_position="9" text="City" />
      <extra dep="pobj" head="6" pos="PROPN" tag="NNP" />
    </node>
    <node ID="0.10" type="Punctuation">
      <attributes paragraph="1" paragraph_position="10" text="." />
      <extra dep="punct" head="5" pos="PUNCT" tag="." />
    </node>
  </layer>
  <layer layerID="1">
    <attributes />
    <node ID="1.1" type="FN">
      <attributes />
      <edge toID="1.2" type="L">
        <attributes />
      </edge>
      <edge toID="1.3" type="H">
        <attributes />
      </edge>
      <edge toID="1.5" type="U">
        <attributes />
      </edge>
      <edge toID="1.6" type="H">
        <attributes />
      </edge>
      <edge toID="1.12" type="U">
        <attributes />
      </edge>
    </node>
    <node ID="1.2" type="FN">
      <attributes />
      <edge toID="0.1" type="Terminal">
        <attributes />
      </edge>
    </node>
    <node ID="1.3" type="FN">
      <attributes />
      <edge toID="1.4" type="P">
        <attributes />
      </edge>
      <edge toID="1.7" type="A">
        <attributes remote="True" />
      </edge>
    </node>
    <node ID="1.4" type="FN">
      <attributes />
      <edge toID="0.2" type="Terminal">
        <attributes />
      </edge>
    </node>
    <node ID="1.5" type="PNCT">
      <attributes />
      <edge toID="0.3" type="Terminal">
        <attributes />
      </edge>
    </node>
    <node ID="1.6" type="FN">
      <attributes />
      <edge toID="1.7" type="A">
        <attributes />
      </edge>
      <edge toID="1.8" type="P">
        <attributes />
      </edge>
      <edge toID="1.9" type="A">
        <attributes />
      </edge>
    </node>
    <node ID="1.7" type="FN">
      <attributes />
      <edge toID="0.4" type="Terminal">
        <attributes />
      </edge>
    </node>
    <node ID="1.8" type="FN">
      <attributes />
      <edge toID="0.5" type="Terminal">
        <attributes />
      </edge>
    </node>
    <node ID="1.9" type="FN">
      <attributes />
      <edge toID="1.10" type="R">
        <attributes />
      </edge>
      <edge toID="1.11" type="C">
        <attributes />
      </edge>
    </node>
    <node ID="1.10" type="FN">
      <attributes />
      <edge toID="0.6" type="Terminal">
        <attributes />
      </edge>
    </node>
    <node ID="1.11" type="FN">
      <attributes />
      <edge toID="0.7" type="Terminal">
        <attributes />
      </edge>
      <edge toID="0.8" type="Terminal">
        <attributes />
      </edge>
      <edge toID="0.9" type="Terminal">
        <attributes />
      </edge>
    </node>
    <node ID="1.12" type="PNCT">
      <attributes />
      <edge toID="0.10" type="Terminal">
        <attributes />
      </edge>
    </node>
    <node ID="1.13" type="LKG">
      <attributes />
      <edge toID="1.2" type="LR">
        <attributes />
      </edge>
      <edge toID="1.3" type="LA">
        <attributes />
      </edge>
      <edge toID="1.6" type="LA">
        <attributes />
      </edge>
    </node>
  </layer>
</root>
